dcc_name,SlideName,ScanLabel,ROILabel,SegmentLabel,Sample_ID,full_anno,Tissue ID,Age,Position,...10,Tbr-,Trb+ki67+,Trb+,Ki67+,Mes,Ki67,QCFlags,AOISurfaceArea,AOINucleiCount,ROICoordinateX,ROICoordinateY,RawReads,AlignedReads,DeduplicatedReads,TrimmedReads,StitchedReads,SequencingSaturation,SequencingSetID,UMIQ30,RTSQ30,GeoMxNgsPipelineVersion,LOT_Human_NGS_Whole_Transcriptome_Atlas_RNA,ROIID,SegmentID,ScanWidth,ScanHeight,ScanOffsetX,ScanOffsetY,LOQ_01,NormFactorQ3_postDrop,NegGeoMean_Hs_R_NGS_WTA_v1.0,NegGeoSD_Hs_R_NGS_WTA_v1.0,GenesDetected,GeneDetectionRate,DetectionThreshold,q_norm_qFactors
DSP-1012340069903-D-B08.dcc,3_Med,3_Med,1,Full ROI,3_Med.|.001.|.Full.ROI,CS-VZ-Medial,CS20M1,CS20,Medial,NA,FALSE,FALSE,FALSE,FALSE,FALSE,FALSE,"Low Surface Area,Low Nuclei Count",13229.1,29,19381,7150,4748914,4528368,510455,4738975,4708570,88.73,A01356:94:H55VNDMXY,0.9947,0.9948,"""GeoMx_NGS_Pipeline_2.3.4""",HWTA12002,8e100cf4-b978-4b15-9ab0-6d218eabf952,be6d3b95-0601-48f5-9a02-17b177b52009,27854.75,73982.5625,2456,3968,10.7729356572461,0.920018705801598,3.0313868811204587,1.8537316247552613,9962,0.5333833056700755,>15%,0.6718396604519422
DSP-1012340069903-D-B09.dcc,3_Med,3_Med,2,Full ROI,3_Med.|.002.|.Full.ROI,CS-RL-Medial,CS20M1,CS20,Medial,NA,FALSE,FALSE,FALSE,FALSE,FALSE,FALSE,"Low Surface Area,Low Nuclei Count",7501.7,63,19485,4763,2332628,2222144,235793,2326240,2312256,89.39,A01356:94:H55VNDMXY,0.9952,0.9946,"""GeoMx_NGS_Pipeline_2.3.4""",HWTA12002,c7156b10-508a-4f89-94bd-8ac6ef26ada9,d5c4da9b-fb7c-4309-94cb-6dbedd0a21ac,27854.75,73982.5625,2456,3968,6.25770261839568,0.444146961421461,1.90402151419075,1.8128903390857531,9130,0.48883653691706375,>15%,0.30232784720337397
DSP-1012340069903-D-B10.dcc,3_Med,3_Med,3,Full ROI,3_Med.|.003.|.Full.ROI,CS-iSVZ1-Medial,CS20M1,CS20,Medial,NA,FALSE,FALSE,FALSE,FALSE,FALSE,FALSE,NA,22493,418,19393,7059,12408120,11861261,1068876,12397137,12339261,90.99,A01356:94:H55VNDMXY,0.9952,0.9951,"""GeoMx_NGS_Pipeline_2.3.4""",HWTA12002,c6ab1320-59f5-4d67-a83a-00888b314976,ae98ad14-66ca-44c2-b9e6-b6a52b78b0d0,27854.75,73982.5625,2456,3968,16.3032514396129,1.87176219456187,4.685244853543567,1.865395682071085,12460,0.6671306955078439,>15%,1.3436793209038844
DSP-1012340069903-D-B11.dcc,3_Med,3_Med,4,Full ROI,3_Med.|.004.|.Full.ROI,CS-iSVZ2-Medial,CS20M1,CS20,Medial,NA,FALSE,FALSE,FALSE,FALSE,FALSE,FALSE,NA,20194.2,290,19413,6942,10558442,10081703,1008501,10545366,10483523,90,A01356:94:H55VNDMXY,0.9949,0.9947,"""GeoMx_NGS_Pipeline_2.3.4""",HWTA12002,79545ca1-e963-4cd7-81ca-a2ef3a691da5,bd8c0a16-3d83-4312-8c7b-53a672e87da2,27854.75,73982.5625,2456,3968,15.246939128359,1.58623914793379,4.49914921928031,1.8408827771292349,11973,0.6410558440863093,>15%,1.1421274227683018
DSP-1012340069903-D-B12.dcc,3_Med,3_Med,5,Full ROI,3_Med.|.005.|.Full.ROI,CS-oSVZ-Medial,CS20M1,CS20,Medial,NA,FALSE,FALSE,FALSE,FALSE,FALSE,FALSE,NA,31303.2,376,19421,6673,19335879,18451996,1407705,19313412,19203905,92.37,A01356:94:H55VNDMXY,0.9949,0.9948,"""GeoMx_NGS_Pipeline_2.3.4""",HWTA12002,3530eeb3-c360-4d34-bd2c-e4f4b7466556,43c51b7d-4a50-4f8b-b264-67fe6ae18faf,27854.75,73982.5625,2456,3968,26.8718791376783,2.22073480710731,9.881637092702682,1.6490528280162757,10678,0.5717192268565615,>15%,1.5956191935733628
DSP-1012340069903-D-C01.dcc,3_Med,3_Med,6,Ki67+,3_Med.|.006.|.Ki67+,CS-SVZ-Ki67-Medial,CS20M1,CS20,Medial,NA,FALSE,FALSE,FALSE,TRUE,FALSE,FALSE,NA,16985.9,218,19036,6451,10262705,9770859,1046916,10233633,10172370,89.29,A01356:94:H55VNDMXY,0.9953,0.9948,"""GeoMx_NGS_Pipeline_2.3.4""",HWTA12002,9af57e5c-b53c-4cc3-9591-1952c27988c6,e0c75bc7-2d41-46ea-9890-c0028efb6eb4,27854.75,73982.5625,2456,3968,19.2365561994876,1.71313827976849,5.474277246842873,1.8745639832494692,11147,0.5968303260694973,>15%,1.2093113888134959
DSP-1012340069903-D-C02.dcc,3_Med,3_Med,7,Full ROI,3_Med.|.007.|.Full.ROI,CS-ATOH-Medial,CS20M1,CS20,Medial,NA,FALSE,FALSE,FALSE,FALSE,FALSE,FALSE,Low Surface Area,13208.5,203,19984,5218,6348770,6063325,583380,6341268,6306055,90.38,A01356:94:H55VNDMXY,0.9948,0.9952,"""GeoMx_NGS_Pipeline_2.3.4""",HWTA12002,28393dbf-f28d-4263-9078-f42ae1f49ca2,0fd1ef20-20af-434c-8513-89e16d5de8a4,27854.75,73982.5625,2456,3968,10.9808649863106,0.951743488760274,3.324184725571731,1.7919015272397236,11542,0.6179793328693045,>15%,0.6886356519632407
DSP-1012340069903-D-C03.dcc,3_Med,3_Med,8,Full ROI,3_Med.|.008.|.Full.ROI,CS-EGL-Medial,CS20M1,CS20,Medial,NA,FALSE,FALSE,FALSE,FALSE,FALSE,FALSE,NA,29873.6,396,19981,5981,17126303,16373035,955644,17104453,17014767,94.16,A01356:94:H55VNDMXY,0.9953,0.9951,"""GeoMx_NGS_Pipeline_2.3.4""",HWTA12002,71cfb248-8207-413d-bd8d-d582347084f4,db60d0c1-ef02-488f-a832-62cb2188840b,27854.75,73982.5625,2456,3968,19.917583157008,1.45934001609909,8.474909359469954,1.5330304758794702,10346,0.5539433527868501,>15%,1.0413514737005103
DSP-1012340069903-D-C04.dcc,3_Med,3_Med,9,Full ROI,3_Med.|.009.|.Full.ROI,CS-VZ-Medial,CS20M2,CS20,Medial,NA,FALSE,FALSE,FALSE,FALSE,FALSE,FALSE,Low Nuclei Count,27522.2,114,15104,30494,13889619,13308596,1169928,13872601,13796370,91.21,A01356:94:H55VNDMXY,0.9951,0.995,"""GeoMx_NGS_Pipeline_2.3.4""",HWTA12002,8a01054f-2d24-471c-9c88-6fb3aec96787,3d34f704-d985-4e64-97ef-af4d3435ebb1,27854.75,73982.5625,2456,3968,20.1534846340986,2.12556045823128,6.814158366596492,1.7197644330312651,11325,0.6063607645767521,>15%,1.545231219039467
DSP-1012340069903-D-C05.dcc,3_Med,3_Med,10,Full ROI,3_Med.|.010.|.Full.ROI,CS-ATOH-Medial,CS20M2,CS20,Medial,NA,FALSE,FALSE,FALSE,FALSE,FALSE,FALSE,NA,21175,235,14361,29548,9515727,9107127,792575,9504426,9451824,91.3,A01356:94:H55VNDMXY,0.9951,0.9949,"""GeoMx_NGS_Pipeline_2.3.4""",HWTA12002,8b1ee87b-de64-4c0b-be97-377d12d24945,6e4617f6-0f9d-4875-89a4-50370b4ef2e7,27854.75,73982.5625,2456,3968,17.835857919985,1.39589045018174,4.691789118198303,1.9164296585005758,10421,0.5579589869893452,>15%,0.9909634991666147
DSP-1012340069903-D-C06.dcc,3_Med,3_Med,11,Full ROI,3_Med.|.011.|.Full.ROI,CS-iSVZ1-Medial,CS20M2,CS20,Medial,NA,FALSE,FALSE,FALSE,FALSE,FALSE,FALSE,NA,27992.6,406,15045,30447,13644955,13041267,1274893,13624879,13542400,90.22,A01356:94:H55VNDMXY,0.9947,0.9947,"""GeoMx_NGS_Pipeline_2.3.4""",HWTA12002,9976ccce-5b53-498d-96ea-a98102b9bb98,92d93e56-3f79-4c3d-b4e4-a3e291162a1f,27854.75,73982.5625,2456,3968,21.5057662428364,2.22073480710731,6.783871718728498,1.780486343723932,12109,0.648337527440167,>15%,1.578823202062064
DSP-1012340069903-D-C07.dcc,3_Med,3_Med,12,Full ROI,3_Med.|.012.|.Full.ROI,CS-iSVZ2-Medial,CS20M2,CS20,Medial,NA,FALSE,FALSE,FALSE,FALSE,FALSE,FALSE,NA,47671.6,349,14960,30418,47319856,45293026,2349054,47265842,46993356,94.81,A01356:94:H55VNDMXY,0.9949,0.9948,"""GeoMx_NGS_Pipeline_2.3.4""",HWTA12002,03700264-644c-404a-8db5-cbd070a888ed,afcc04e9-f721-40c3-a768-7bad7446b048,27854.75,73982.5625,2456,3968,31.8976256735737,3.71179960616507,12.899492035193527,1.5725080386914718,14080,0.7538683942817369,>15%,2.6369706672738733
DSP-1012340069903-D-C08.dcc,3_Med,3_Med,13,Full ROI,3_Med.|.013.|.Full.ROI,CS-oSVZ-Medial,CS20M2,CS20,Medial,NA,FALSE,FALSE,FALSE,FALSE,FALSE,FALSE,NA,72900.3,796,14720,30382,35005815,33506680,2142969,34962734,34765246,93.6,A01356:94:H55VNDMXY,0.9951,0.9949,"""GeoMx_NGS_Pipeline_2.3.4""",HWTA12002,eba65f0e-7fe4-4c02-98c4-fd15b60aff67,6f4ba095-b0d9-4c11-97c1-ff24cb44b3c8,27854.75,73982.5625,2456,3968,39.5956826395128,3.58490047433037,17.62015097143382,1.434793500428046,13180,0.7056807838517963,>15%,2.603378684251276
DSP-1012340069903-D-C09.dcc,3_Med,3_Med,14,Ki67+,3_Med.|.014.|.Ki67+,CS-SVZ-Ki67-Medial,CS20M2,CS20,Medial,NA,FALSE,FALSE,FALSE,TRUE,FALSE,FALSE,"Low Surface Area,Low Nuclei Count",14141.6,33,14349,30980,11202851,10717003,879657,11189319,11121060,91.79,A01356:94:H55VNDMXY,0.9951,0.9949,"""GeoMx_NGS_Pipeline_2.3.4""",HWTA12002,47a17d5f-3c96-46f8-879e-659a3ad665ec,f82c8fa8-057f-4a5a-a8cc-f92f56b45837,27854.75,73982.5625,2456,3968,15.6313491777674,1.45934001609909,4.383175125457087,1.8884427395362986,11966,0.6406810515607432,>15%,1.0245554821892118
DSP-1012340069903-D-C10.dcc,3_Med,3_Med,15,Full ROI,3_Med.|.015.|.Full.ROI,CS-RL-Medial,CS20M2,CS20,Medial,NA,FALSE,FALSE,FALSE,FALSE,FALSE,FALSE,"Low Surface Area,Low Nuclei Count",11070.9,115,14470,29387,4478372,4270434,292849,4471766,4445358,93.14,A01356:94:H55VNDMXY,0.9948,0.995,"""GeoMx_NGS_Pipeline_2.3.4""",HWTA12002,4adc4312-91cc-4d27-b3d3-47f1452f3e72,0fe516fe-083b-4b12-b915-6a5def5e2524,27854.75,73982.5625,2456,3968,8.03030101213032,0.539321310297489,2.234179151826875,1.895862843396442,9037,0.4838571505059699,>15%,0.3695118132485682
DSP-1012340069903-D-C11.dcc,3_Med,3_Med,16,Full ROI,3_Med.|.016.|.Full.ROI,CS-NTZ1-Medial,CS20M2,CS20,Medial,NA,FALSE,FALSE,FALSE,FALSE,FALSE,FALSE,NA,23253.5,246,12993,30595,8694551,8307713,767858,8666466,8616640,90.76,A01356:94:H55VNDMXY,0.9951,0.9941,"""GeoMx_NGS_Pipeline_2.3.4""",HWTA12002,42e1cd41-b0f8-4876-87d5-e3fc714c0bda,86ae6f6f-4173-4e36-a3b4-ccdf82616ba9,27854.75,73982.5625,2456,3968,17.915911563172,1.30071610130571,6.016831155831272,1.7255817650756082,9663,0.5173743106494619,>15%,0.9573715161440176
DSP-1012340069903-D-C12.dcc,3_Med,3_Med,17,Full ROI,3_Med.|.017.|.Full.ROI,CS-NTZ-EGL-Medial,CS20M2,CS20,Medial,NA,FALSE,FALSE,FALSE,FALSE,FALSE,FALSE,NA,48234.5,447,14047,30213,18494206,17709540,1095319,18464999,18355342,93.82,A01356:94:H55VNDMXY,0.9947,0.9944,"""GeoMx_NGS_Pipeline_2.3.4""",HWTA12002,29d9d7d9-ac04-4676-909d-c4ded66e75ae,55a207a8-36b6-4a7e-95a6-26f11fda11ed,27854.75,73982.5625,2456,3968,27.9466253563477,1.71313827976849,11.574009664053714,1.5538989246762593,8934,0.47834234620121,>15%,1.2429033718360931
DSP-1012340069903-D-D01.dcc,3_Med,3_Med,18,Full ROI,3_Med.|.018.|.Full.ROI,CS-CPE-Medial,CS20M2,CS20,Medial,NA,FALSE,FALSE,FALSE,FALSE,FALSE,FALSE,Low Nuclei Count,26894.3,180,16021,29347,12197319,11681764,835184,12182391,12114965,92.85,A01356:94:H55VNDMXY,0.9948,0.9947,"""GeoMx_NGS_Pipeline_2.3.4""",HWTA12002,2a0bad57-3162-4cc4-9ee3-d8d0fa381a56,c2893e7f-0c20-451b-a3b2-c61a86ad8366,27854.75,73982.5625,2456,3968,17.3232678979033,1.45934001609909,6.900492358584225,1.584436619186605,10041,0.537613107030037,>15%,0.9909634991666147
DSP-1012340069903-D-D02.dcc,3_Med,3_Med,19,Full ROI,3_Med.|.019.|.Full.ROI,CS-LRL-Medial,CS20M2,CS20,Medial,NA,FALSE,FALSE,FALSE,FALSE,FALSE,FALSE,NA,38694.6,277,23433,30479,28413034,27187509,1506379,28364092,28207003,94.46,A01356:94:H55VNDMXY,0.9952,0.9951,"""GeoMx_NGS_Pipeline_2.3.4""",HWTA12002,ac5a1d00-7333-405b-b3e1-ab22390887d8,ff6c60dc-d6b9-4bce-957e-0d73216c8a47,27854.75,73982.5625,2456,3968,29.73081577692,2.79178090036347,10.155190279040696,1.6429139244386959,12851,0.6880655351501848,>15%,1.9483350153106325
DSP-1012340069903-D-D03.dcc,3_Med,3_Med,20,Full ROI,3_Med.|.020.|.Full.ROI,BS-VZ-SVZ-Medial,CS20M2,CS20,Medial,NA,FALSE,FALSE,FALSE,FALSE,FALSE,FALSE,NA,68486.3,633,14055,32596,41706998,39938839,2409522,41660395,41443666,93.97,A01356:94:H55VNDMXY,0.9951,0.9949,"""GeoMx_NGS_Pipeline_2.3.4""",HWTA12002,c4963cf2-ac40-4bf6-9c5b-ebfbefd4e75d,92a9c2db-6bdc-4b8d-b2e4-c443a56b299f,27854.75,73982.5625,2456,3968,34.893602433937,4.44146961421461,16.669998774829192,1.446788740755064,14430,0.7726080205600471,>15%,3.174442395635427
DSP-1012340069903-D-D04.dcc,3_Med,3_Med,21,Full ROI,3_Med.|.021.|.Full.ROI,CS-NTZ1-Medial,CS20M1,CS20,Medial,NA,FALSE,FALSE,FALSE,FALSE,FALSE,FALSE,NA,26977.2,379,20189,6193,10534600,10032905,1061166,10492642,10429599,89.42,A01356:94:H55VNDMXY,0.995,0.9939,"""GeoMx_NGS_Pipeline_2.3.4""",HWTA12002,f0106cf2-b07d-4de8-a967-a9f0377162a4,9f47c562-38be-4699-b534-c6a3dd7bd5f5,27854.75,73982.5625,2456,3968,22.3268576094922,1.64968871385114,7.859716465266563,1.6512651697769785,9777,0.5234780746372544,>15%,1.2093113888134959
DSP-1012340069903-D-D05.dcc,3_Med,3_Med,22,Full ROI,3_Med.|.022.|.Full.ROI,CS-CPE-Medial,CS20M1,CS20,Medial,NA,FALSE,FALSE,FALSE,FALSE,FALSE,FALSE,"Low Surface Area,Low Nuclei Count",12637.8,78,18407,4789,3425975,3275705,311968,3421887,3401767,90.48,A01356:94:H55VNDMXY,0.9951,0.9951,"""GeoMx_NGS_Pipeline_2.3.4""",HWTA12002,f14abfc7-8433-415c-9ccf-c5857dffd826,1ffefebc-129f-4056-81d9-bc13da9bd497,27854.75,73982.5625,2456,3968,10.7771273880146,0.571046093256164,2.826506132360098,1.921936437109763,7401,0.3962627831022113,>15%,0.38630780475986676
DSP-1012340069903-D-D06.dcc,3_Med,3_Med,23,Full ROI,3_Med.|.023.|.Full.ROI,BS-VZ-SVZ-Medial,CS20M1,CS20,Medial,NA,FALSE,FALSE,FALSE,FALSE,FALSE,FALSE,NA,70173.9,822,20469,7833,50072551,47786765,3234975,50008857,49724713,93.23,A01356:94:H55VNDMXY,0.9947,0.9947,"""GeoMx_NGS_Pipeline_2.3.4""",HWTA12002,f15f6784-b513-47ae-bbb5-098afdb05e01,0a1b8562-9adc-47c9-bfe9-ca5b69b04a4f,27854.75,73982.5625,2456,3968,47.9573077572618,5.74218571552032,21.656607021037054,1.4881002488342046,13499,0.722760614659742,>15%,4.06462994573425
DSP-1012340069903-D-D07.dcc,3_Med,3_Med,24,Full ROI,3_Med.|.024.|.Full.ROI,CS-LRL-Medial,CS20M1,CS20,Medial,NA,FALSE,FALSE,FALSE,FALSE,FALSE,FALSE,NA,39337,384,13576,5467,27370535,26089605,1716729,27288293,27124664,93.42,A01356:94:H55VNDMXY,0.9948,0.9941,"""GeoMx_NGS_Pipeline_2.3.4""",HWTA12002,8f0f9fb2-7284-460e-aae4-3b653449d8a1,048dae3d-70bd-4db0-99d6-c12458615133,27854.75,73982.5625,2456,3968,25.5562893247152,3.0138543810742,9.593580990920728,1.574607481507399,14408,0.7714301011939819,>15%,2.1330909219349166
DSP-1012340069903-D-D08.dcc,3_Med,3_Med,25,Mes,3_Med.|.025.|.Mes,PF-MES-Medial,CS20M2,CS20,Medial,NA,FALSE,FALSE,FALSE,FALSE,TRUE,FALSE,NA,44535.8,459,13031,29723,11882098,11336080,877835,11867570,11798348,92.26,A01356:94:H55VNDMXY,0.9949,0.9951,"""GeoMx_NGS_Pipeline_2.3.4""",HWTA12002,31bb0506-e8e3-408a-a064-f1f8b7994036,96ff2f5b-90b8-4a8c-b7d1-1180f9ce2e38,27854.75,73982.5625,2456,3968,19.9618735896094,1.55451436497511,7.923629981262743,1.5872252262079007,11332,0.6067355571023184,>15%,1.0413514737005103
DSP-1012340069903-D-D09.dcc,3_Med,3_Med,26,Mes,3_Med.|.026.|.Mes,PF-MES-Medial,CS20M1,CS20,Medial,NA,FALSE,FALSE,FALSE,FALSE,TRUE,FALSE,Low Nuclei Count,32608.4,177,20215,5505,7019560,6704006,447557,7006761,6963729,93.32,A01356:94:H55VNDMXY,0.995,0.9946,"""GeoMx_NGS_Pipeline_2.3.4""",HWTA12002,7f2548db-7560-4679-8d64-a9654cbf407f,22eb365a-0416-4433-820b-11f405f6311f,27854.75,73982.5625,2456,3968,12.6679636692515,0.697945225090868,3.557106819791777,1.8618738911986523,8530,0.4567114632971034,>15%,0.47028776231635955
DSP-1012340069903-D-D10.dcc,3_Med,3_Med,27,Full ROI,3_Med.|.027.|.Full.ROI,CS-NTZ2-Medial,CS20M1,CS20,Medial,NA,FALSE,FALSE,FALSE,FALSE,FALSE,FALSE,NA,22078.1,281,20958,5742,9608354,9171339,855745,9595339,9531070,90.67,A01356:94:H55VNDMXY,0.9949,0.9947,"""GeoMx_NGS_Pipeline_2.3.4""",HWTA12002,de033c45-c9dc-4509-8764-ba87c7b5a8d1,ea211766-b4de-400b-a9af-42db94169cc4,27854.75,73982.5625,2456,3968,17.7758613868,1.45934001609909,7.240707240975491,1.5668406610488608,10638,0.5695775552818976,>15%,1.058147465211809
DSP-1012340069903-D-D11.dcc,3_Med,3_Med,28,Full ROI,3_Med.|.028.|.Full.ROI,BS-VZ-SVZ-Medial,CS20M3,CS20,Medial,NA,FALSE,FALSE,FALSE,FALSE,FALSE,FALSE,NA,103884.2,1107,17073,70805,34510212,32951241,1917829,34472513,34280165,94.18,A01356:94:H55VNDMXY,0.995,0.9952,"""GeoMx_NGS_Pipeline_2.3.4""",HWTA12002,9564c5d7-232d-4783-a22c-7e86cad8eae7,bf066f58-2a30-4d75-8374-9ac3f0d46025,27854.75,73982.5625,2456,3968,27.235175401331,3.64835004024772,10.715944868777534,1.594225872618214,13126,0.7027895272259999,>15%,2.603378684251276
DSP-1012340069903-D-D12.dcc,3_Med,3_Med,29,Mes,3_Med.|.029.|.Mes,PF-MES-Medial,CS20M3,CS20,Medial,NA,FALSE,FALSE,FALSE,FALSE,TRUE,FALSE,NA,65047.2,501,16149,73811,6307359,6008408,390602,6300659,6265179,93.5,A01356:94:H55VNDMXY,0.9948,0.9945,"""GeoMx_NGS_Pipeline_2.3.4""",HWTA12002,c63b3670-c3dd-4034-a86d-d9887c9d1b72,7965d9b0-af41-4228-b0e5-ba8d5e6adf71,27854.75,73982.5625,2456,3968,12.3432505838357,0.729670008049543,3.3244877933385135,1.926869939850049,8373,0.4483054023665471,>15%,0.4870837538276581
DSP-1012340069903-D-E01.dcc,3_Med,3_Med,30,Full ROI,3_Med.|.030.|.Full.ROI,CS-LRL-Medial,CS20M3,CS20,Medial,NA,FALSE,FALSE,FALSE,FALSE,FALSE,FALSE,NA,65286.5,796,6530,72577,29659381,28295406,1673657,29625760,29458848,94.09,A01356:94:H55VNDMXY,0.995,0.9949,"""GeoMx_NGS_Pipeline_2.3.4""",HWTA12002,8fbe3247-186d-402b-b429-21ce1928c47d,f394eece-8b22-468d-a4e4-36d7cce42414,27854.75,73982.5625,2456,3968,24.9199930722043,3.0138543810742,8.384017617046402,1.724042102825348,13355,0.7150505969909514,>15%,2.1330909219349166
DSP-1006990081621-A-C03.dcc,Slide4,Slide4_2,1,Full ROI,Slide4_2.|.001.|.Full.ROI,CS-RL-Medial,CS18 Medial,CS18,Medial,NA,FALSE,FALSE,FALSE,FALSE,FALSE,FALSE,"Low Surface Area,Low Nuclei Count",12991.5,110,21227,42049,3214882,2870181,475045,3012996,2990986,83.45,A01356:65:H2CF2DMXY,0.9935,0.9925,"""GeoMx_NGS_Pipeline_2.3.4""",HWTA12002,3ca1f357-1c57-4b29-a14e-f937fb9eeb7c,ac87424c-68a2-4a3c-95f0-71fb82c91297,33382.3984375,86887.375,7886,5708,12.5580761300625,0.888293922842922,3.013548687045397,2.0053734411548225,9136,0.4891577876532634,>15%,0.6382476774293451
DSP-1006990081621-A-C04.dcc,Slide4,Slide4_2,2,Full ROI,Slide4_2.|.002.|.Full.ROI,CS-ATOH-Medial,CS18 Medial,CS18,Medial,NA,FALSE,FALSE,FALSE,FALSE,FALSE,FALSE,"Low Surface Area,Low Nuclei Count",6330.3,77,20644,42203,1469538,1368148,269197,1457171,1447902,80.32,A01356:65:H2CF2DMXY,0.9942,0.9939,"""GeoMx_NGS_Pipeline_2.3.4""",HWTA12002,1a73db08-1346-4c51-948d-1013bd3ae4ca,07fab5f6-1142-4a12-a070-b61aea64c881,33382.3984375,86887.375,7886,5708,6.16211464576359,0.507596527338813,1.8679661219279984,1.8162699151559654,9531,0.5103067944530706,>15%,0.3527158217372697
DSP-1006990081621-A-C05.dcc,Slide4,Slide4_2,3,Full ROI,Slide4_2.|.003.|.Full.ROI,CS-PTZ-Medial,CS18 Medial,CS18,Medial,NA,FALSE,FALSE,FALSE,FALSE,FALSE,FALSE,"Low Surface Area,Low Nuclei Count",7400.6,78,20683,42366,2156143,2046584,317871,2147517,2134009,84.47,A01356:65:H2CF2DMXY,0.9942,0.9939,"""GeoMx_NGS_Pipeline_2.3.4""",HWTA12002,9cfb9047-7694-4e59-b65e-58e31cc18b71,554249c6-0bc5-4e27-a047-fc64cc102259,33382.3984375,86887.375,7886,5708,6.49363659721195,0.571046093256164,1.7524576761264086,1.924953403815459,9952,0.5328478877764095,>15%,0.4198997877824639
DSP-1006990081621-A-C06.dcc,Slide4,Slide4_2,4,Full ROI,Slide4_2.|.004.|.Full.ROI,CS-VZ-Medial,CS18 Medial,CS18,Medial,NA,FALSE,FALSE,FALSE,FALSE,FALSE,FALSE,"Low Surface Area,Low Nuclei Count",8910.7,29,21107,43158,1967852,1869393,343173,1959682,1946430,81.64,A01356:65:H2CF2DMXY,0.9939,0.9934,"""GeoMx_NGS_Pipeline_2.3.4""",HWTA12002,00e2ef8d-771d-4fae-8541-f65eca8af2a3,dbeeea29-661a-44e4-a343-0d97269955b5,33382.3984375,86887.375,7886,5708,8.19515227660119,0.634495659173516,2.113732216879728,1.969035428760555,8762,0.46913315843015474,>15%,0.47028776231635955
DSP-1006990081621-A-C07.dcc,Slide4,Slide4_2,5,Full ROI,Slide4_2.|.005.|.Full.ROI,CS-NTZ1-Medial,CS18 Medial,CS18,Medial,NA,FALSE,FALSE,FALSE,FALSE,FALSE,FALSE,NA,24085.6,276,20120,42977,13515665,12774521,902481,13441696,13355068,92.94,A01356:65:H2CF2DMXY,0.9939,0.9936,"""GeoMx_NGS_Pipeline_2.3.4""",HWTA12002,584eecbd-f764-46b6-a883-c71d7230f5bf,747bb195-1149-4055-a4aa-00257d0f2a39,33382.3984375,86887.375,7886,5708,20.4103256278167,1.42761523314041,7.033753730358657,1.7034578326512761,8826,0.4725598329496172,>15%,1.0413514737005103
DSP-1006990081621-A-C08.dcc,Slide4,Slide4_2,6,Full ROI,Slide4_2.|.006.|.Full.ROI,CS-NTZ2-LMX1A-Medial,CS18 Medial,CS18,Medial,NA,FALSE,FALSE,FALSE,FALSE,FALSE,FALSE,"Low Surface Area,Low Nuclei Count",12223.5,139,19532,43533,2883603,2724613,384518,2871020,2852777,85.89,A01356:65:H2CF2DMXY,0.9937,0.9934,"""GeoMx_NGS_Pipeline_2.3.4""",HWTA12002,c34810ce-b006-4607-96c7-99993e9de241,6cbdd615-14cd-418c-a56e-251c9174df98,33382.3984375,86887.375,7886,5708,11.4148904643362,0.666220442132192,3.0805802828067477,1.9249506878509979,7515,0.40236654709000375,>15%,0.47028776231635955
DSP-1006990081621-A-C09.dcc,Slide4,Slide4_2,7,Full ROI,Slide4_2.|.007.|.Full.ROI,CS-iSVZ1-Medial,CS18 Medial,CS18,Medial,NA,FALSE,FALSE,FALSE,FALSE,FALSE,FALSE,"Low Surface Area,Low Nuclei Count",7294.2,125,21023,43164,2129617,2019659,396581,2119748,2105826,80.36,A01356:65:H2CF2DMXY,0.9935,0.9932,"""GeoMx_NGS_Pipeline_2.3.4""",HWTA12002,0cb73a2b-d667-4066-9785-f902ab8aca93,4ec2d6dd-4da2-441f-84db-6d55d7c3e575,33382.3984375,86887.375,7886,5708,6.97649563246339,0.729670008049543,1.9937759544837264,1.8705980890789318,11561,0.6189966268672699,>15%,0.5206757368502551
DSP-1006990081621-A-C10.dcc,Slide4,Slide4_2,8,Full ROI,Slide4_2.|.008.|.Full.ROI,CS-iSVZ2-Medial,CS18 Medial,CS18,Medial,NA,FALSE,FALSE,FALSE,FALSE,FALSE,FALSE,NA,23997.7,291,20845,43138,9396763,8927367,1142158,9367494,9308722,87.21,A01356:65:H2CF2DMXY,0.9941,0.9941,"""GeoMx_NGS_Pipeline_2.3.4""",HWTA12002,7b4a2203-2b75-43c5-bf15-1bbc4862908e,7727c5b5-6b37-4fa4-a6ca-1e66003aaa9a,33382.3984375,86887.375,7886,5708,20.4476775850636,1.90348697752055,5.035817059276713,2.0150555450373058,10398,0.5567275258339134,>15%,1.3436793209038844
DSP-1006990081621-A-C11.dcc,Slide4,Slide4_2,9,Full ROI,Slide4_2.|.009.|.Full.ROI,CS-oSVZ1-Medial,CS18 Medial,CS18,Medial,NA,FALSE,FALSE,FALSE,FALSE,FALSE,FALSE,Low Surface Area,15251.6,218,20656,42996,6257192,5938739,723807,6231821,6199918,87.81,A01356:65:H2CF2DMXY,0.9942,0.994,"""GeoMx_NGS_Pipeline_2.3.4""",HWTA12002,33e53de9-6cb0-47cc-a449-ae465abf9ad6,6fbbe686-f87f-4ca3-a62d-077ab584bea3,33382.3984375,86887.375,7886,5708,14.3658468824025,1.14209218651233,3.7098868024605873,1.967819624649502,9414,0.5040424050971783,>15%,0.8230035840536292
DSP-1006990081621-A-C12.dcc,Slide4,Slide4_2,10,Full ROI,Slide4_2.|.010.|.Full.ROI,CS-oSVZ2-Medial,CS18 Medial,CS18,Medial,NA,FALSE,FALSE,FALSE,FALSE,FALSE,FALSE,Low Nuclei Count,17516,160,20386,42942,5896269,5578174,700634,5867760,5832696,87.44,A01356:65:H2CF2DMXY,0.9935,0.9931,"""GeoMx_NGS_Pipeline_2.3.4""",HWTA12002,f34b4be1-d372-45ee-9dc8-95e539054396,8980af13-77a3-49a5-b4cd-bf2d7721371f,33382.3984375,86887.375,7886,5708,17.0603471424186,1.11036740355365,4.702434417857615,1.8942500203697659,8760,0.46902607485142156,>15%,0.8062075925423307
DSP-1006990081621-A-D01.dcc,Slide4,Slide4_2,11,Full ROI,Slide4_2.|.011.|.Full.ROI,CS23-RL-Medial,CS23 Medial,CS23,Medial,NA,FALSE,FALSE,FALSE,FALSE,FALSE,FALSE,Low Nuclei Count,23097.1,161,26929,67058,4265038,4044026,422726,4247792,4223959,89.55,A01356:65:H2CF2DMXY,0.9939,0.9936,"""GeoMx_NGS_Pipeline_2.3.4""",HWTA12002,bcf349a8-03b2-4143-9a02-8923ac508927,7d55e14a-46c8-4a25-86ed-7caf7f169e6a,33382.3984375,86887.375,7886,5708,15.6046043339388,0.793119573966895,3.9370861686148837,1.9908517472585237,8764,0.4692402420088879,>15%,0.5206757368502551
DSP-1006990081621-A-D02.dcc,Slide4,Slide4_2,12,Full ROI,Slide4_2.|.012.|.Full.ROI,CS23-NTZ-Medial,CS23 Medial,CS23,Medial,NA,FALSE,FALSE,FALSE,FALSE,FALSE,FALSE,NA,56657.2,305,23845,68724,8905239,8437522,556468,8867829,8812467,93.4,A01356:65:H2CF2DMXY,0.9941,0.9938,"""GeoMx_NGS_Pipeline_2.3.4""",HWTA12002,d185cc95-3991-4f9b-9087-cb7f0dcdf7c6,72438301-5218-4ff2-bb55-6cf5439883d8,33382.3984375,86887.375,7886,5708,22.0988670994781,1.0469178376363,8.895905865595322,1.5761223071321695,7419,0.3972265353108101,>15%,0.6886356519632407
DSP-1006990081621-A-D03.dcc,Slide4,Slide4_2,13,Full ROI,Slide4_2.|.013.|.Full.ROI,CS23-EGL-Medial,CS23 Medial,CS23,Medial,NA,FALSE,FALSE,FALSE,FALSE,FALSE,FALSE,Low Nuclei Count,27082,120,25282,67386,6070208,5733018,376814,6025445,5988605,93.43,A01356:65:H2CF2DMXY,0.9941,0.9936,"""GeoMx_NGS_Pipeline_2.3.4""",HWTA12002,be338e96-e301-4a17-9963-b9df50a2ab74,6651da8d-848c-4baa-a103-687aac395b28,33382.3984375,86887.375,7886,5708,17.4732020043515,0.697945225090868,4.750336605235319,1.9178915981967604,5920,0.3169673930502757,>15%,0.453491770805061
DSP-1006990081621-A-D04.dcc,Slide4,Slide4_2,14,Full ROI,Slide4_2.|.014.|.Full.ROI,CS23-PTZ-Medial,CS23 Medial,CS23,Medial,NA,FALSE,FALSE,FALSE,FALSE,FALSE,FALSE,Low Nuclei Count,24412.9,168,26418,67086,5324495,5058420,362948,5299945,5270344,92.82,A01356:65:H2CF2DMXY,0.9943,0.9939,"""GeoMx_NGS_Pipeline_2.3.4""",HWTA12002,fa5b5fca-8280-455e-82be-6b7e1bde0263,090700e8-6d64-4be3-8212-16853a3b590b,33382.3984375,86887.375,7886,5708,13.9149330313494,0.697945225090868,3.282786246988402,2.02397755307871,8457,0.45280291267334155,>15%,0.47028776231635955
DSP-1006990081621-A-D05.dcc,Slide4,Slide4_2,15,Full ROI,Slide4_2.|.015.|.Full.ROI,CS23-VZ-Medial,CS23 Medial,CS23,Medial,NA,FALSE,FALSE,FALSE,FALSE,FALSE,FALSE,NA,99218.9,893,26841,69423,28646039,27221656,1776084,28538196,28381402,93.48,A01356:65:H2CF2DMXY,0.994,0.9937,"""GeoMx_NGS_Pipeline_2.3.4""",HWTA12002,729a1616-e485-4aa8-b486-5def622e66d6,6b80051c-a502-42d0-9c5f-eebadad2ee76,33382.3984375,86887.375,7886,5708,41.1916978599062,3.29937742770228,16.194441844946482,1.5948573878122676,13663,0.7315414681158644,>15%,2.2338668710027076
DSP-1006990081621-A-D06.dcc,Slide4,Slide4_2,16,Full ROI,Slide4_2.|.016.|.Full.ROI,CS23-SVZ1-Medial,CS23 Medial,CS23,Medial,NA,FALSE,FALSE,FALSE,FALSE,FALSE,FALSE,NA,107545.6,954,26386,69196,24407594,23158023,1448405,24276475,24137877,93.75,A01356:65:H2CF2DMXY,0.9936,0.9933,"""GeoMx_NGS_Pipeline_2.3.4""",HWTA12002,1b5bd770-fe14-4a12-a891-c7e45309bf8d,7f0daedf-e887-4171-b56d-d5c9ea2d0ad8,33382.3984375,86887.375,7886,5708,42.854077697679,2.69660655148744,17.680410354060026,1.5568612385123737,11314,0.6057718048937195,>15%,1.7971710917089454
DSP-1006990081621-A-D07.dcc,Slide4,Slide4_2,17,Full ROI,Slide4_2.|.017.|.Full.ROI,CS23-SVZ2-Medial,CS23 Medial,CS23,Medial,NA,FALSE,FALSE,FALSE,FALSE,FALSE,FALSE,NA,241571.7,1481,25750,68784,34131019,32297232,2274603,33840883,33659525,92.96,A01356:65:H2CF2DMXY,0.9935,0.9932,"""GeoMx_NGS_Pipeline_2.3.4""",HWTA12002,b28a908d-9fc1-4289-8739-74d372ae03a4,3721fa39-73f0-406b-839d-4db5d008a7cd,33382.3984375,86887.375,7886,5708,75.3901759732986,4.25112091646256,32.50165721639463,1.475076402948904,10449,0.55945815709161,>15%,2.872114548432053
